Number,R,G,B
3713,253,204,198
761,253,187,170
760,253,155,157
3712,215,89,94
3328,205,71,75
347,182,58,60
353,255,188,177
352,255,147,150
351,243,98,108
350,237,77,80
349,208,68,72
817,190,57,67
304,171,52,79
3833,233,97,119
3832,201,89,109
3831,183,69,93
777,150,53,77
3801,220,65,66
666,215,53,62
321,172,65,77
498,132,57,67
816,152,59,67
815,144,72,80
814,107,51,61
894,255,177,201
893,255,121,150
892,241,82,96
891,218,85,100
818,255,224,231
957,255,169,167
956,255,131,144
3708,255,164,162
3706,255,111,122
3705,255,77,93
963,255,208,227
3716,255,177,188
962,255,140,171
961,235,85,126
309,169,62,82
819,251,222,222
3326,244,166,165
899,232,118,142
335,221,94,123
326,168,60,83
151,254,195,212
3354,241,156,175
3733,216,122,132
3731,211,118,145
3350,179,83,106
150,168,64,93
23,248,226,224
3689,254,203,209
3688,199,135,156
3687,180,95,120
3803,147,72,100
3685,134,65,87
605,255,189,207
604,239,146,163
603,226,120,163
602,218,97,143
601,212,82,129
600,196,61,107
3806,241,140,179
3805,221,96,136
3804,199,78,116
3609,229,161,194
3608,234,148,179
3607,207,117,180
718,160,68,114
917,173,76,139
915,141,66,113
33,127,77,111
34,107,50,78
35,81,36,57
778,213,172,183
3727,215,163,183
316,205,139,168
3726,142,91,106
315,139,82,93
3802,139,76,87
902,104,59,79
3836,179,134,162
3835,142,103,135
3834,125,81,115
154,77,54,75
24,229,215,222
25,217,203,218
26,201,195,216
211,200,186,221
210,188,164,210
209,160,133,182
208,134,106,168
3837,118,91,152
327,119,81,131
153,218,187,218
554,208,171,220
553,183,143,189
552,151,111,178
550,131,75,146
3743,188,170,182
3042,158,145,165
3041,131,111,137
3740,102,83,98
27,219,209,210
28,121,106,119
29,69,54,66
3747,185,199,219
341,161,183,201
156,112,141,185
340,163,136,186
155,155,129,194
3746,143,115,178
333,133,98,181
30,122,111,137
31,97,87,115
32,77,69,94
157,152,188,191
794,126,163,198
793,110,138,174
3807,89,122,161
792,69,86,136
158,84,101,137
791,62,73,113
3840,148,184,199
3839,97,141,204
3838,70,128,207
800,158,203,233
809,128,178,240
799,108,148,210
798,88,113,183
797,78,109,194
796,75,86,173
820,56,71,138
162,187,232,243
827,154,197,206
813,76,158,200
826,35,135,195
825,29,112,169
824,33,86,128
996,30,201,207
3843,30,178,188
995,30,149,163
3846,0,196,210
3845,0,177,201
3844,0,152,172
159,150,178,205
160,120,145,173
161,97,112,134
3756,233,247,244
775,190,226,232
3841,156,204,223
3325,136,177,206
3755,109,162,196
334,75,140,182
322,52,111,153
312,47,97,144
803,23,91,168
336,52,71,97
823,51,65,86
939,53,59,70
3753,195,235,232
3752,146,184,200
932,130,153,169
931,100,133,154
930,81,109,122
3750,65,86,102
828,167,216,213
3761,146,217,236
519,124,208,230
518,85,167,202
3760,29,127,165
517,33,106,152
3842,32,91,135
311,40,74,106
747,206,223,222
3766,88,183,193
807,31,167,182
3765,26,106,132
3811,179,218,214
598,136,186,162
597,105,170,175
3810,58,141,142
3809,56,131,122
3808,38,97,107
928,183,212,194
927,156,169,162
926,120,137,131
3768,88,112,119
924,68,88,94
3849,38,149,136
3848,55,132,123
3847,8,116,97
964,154,232,188
959,73,183,165
958,38,172,155
3812,0,146,127
3851,68,176,147
943,14,147,122
3850,36,152,115
993,114,187,160
992,78,163,145
3814,40,153,129
991,8,115,98
966,168,220,173
564,158,208,169
563,124,175,147
562,105,158,127
505,78,121,88
3817,152,175,160
3816,91,148,126
163,103,143,125
3815,78,129,107
561,42,93,79
3813,163,191,166
503,120,158,151
502,105,132,117
501,69,101,92
500,56,71,66
955,165,226,173
13,169,213,164
954,144,204,149
913,99,201,138
912,84,148,104
911,0,157,92
910,31,131,76
909,51,123,79
3818,27,99,66
369,215,233,171
368,146,168,121
320,118,138,110
367,98,127,100
319,57,82,67
890,55,79,67
164,163,199,150
989,135,152,96
988,114,134,80
987,73,95,62
986,74,96,64
772,233,248,192
3348,183,190,129
3347,120,135,95
3346,104,116,76
3345,72,88,63
895,68,90,71
14,152,203,125
15,124,186,90
16,122,174,72
704,157,179,49
703,104,189,54
702,104,161,65
701,0,150,81
700,49,130,83
699,44,95,70
907,173,181,63
906,135,172,54
905,95,141,68
904,86,105,62
472,209,195,126
471,159,159,102
470,134,146,85
469,105,109,67
937,120,118,66
936,93,103,79
935,84,86,72
934,73,74,64
3364,157,191,122
3363,103,149,91
3362,91,132,77
10,182,204,167
11,159,168,111
12,153,161,92
165,238,214,127
3819,232,219,109
166,195,179,67
581,155,156,76
580,126,123,68
523,166,180,149
3053,155,147,104
3052,141,146,107
3051,102,107,67
524,183,191,151
522,136,139,128
520,80,99,81
734,200,169,90
733,170,146,77
732,123,113,66
730,113,100,61
3013,182,166,119
3012,151,140,99
3011,126,114,76
372,179,162,112
371,149,134,90
370,152,126,85
17,188,162,101
18,167,136,75
834,225,186,114
833,196,155,90
832,174,135,79
831,150,117,78
830,135,113,70
829,131,94,67
746,252,239,205
677,253,223,179
422,203,159,122
3828,176,130,91
420,155,123,96
869,129,90,62
613,217,200,178
612,194,161,125
611,134,109,84
610,147,128,99
3047,255,226,168
3046,221,186,129
3045,187,139,99
167,168,120,82
676,245,204,142
729,198,153,111
680,189,132,70
3829,189,128,73
3822,255,214,113
3821,238,183,88
3820,226,164,79
3852,240,169,77
728,255,185,58
783,218,141,62
782,178,116,61
780,156,105,80
3823,255,248,201
3855,255,208,146
19,255,220,137
3854,255,169,119
3853,219,135,98
3827,250,179,135
977,239,158,103
976,216,125,70
3826,182,109,73
975,136,88,72
445,250,219,126
307,252,219,84
973,255,214,60
444,255,207,42
3078,255,245,145
727,255,225,110
726,255,214,83
725,255,203,75
972,255,180,44
745,255,235,135
744,255,217,113
743,255,188,75
742,255,171,73
741,255,155,46
740,255,127,46
970,240,107,63
947,230,95,64
946,220,85,65
900,207,76,66
967,255,193,173
3824,255,173,156
3341,255,144,121
3340,255,121,91
608,255,93,73
606,238,70,67
951,255,231,215
3856,248,178,135
722,255,148,87
721,228,114,67
720,224,93,40
3825,241,171,141
922,246,127,76
921,208,119,82
920,171,90,74
919,160,70,58
918,151,76,69
3770,254,225,200
945,228,184,170
402,230,144,110
3776,202,112,77
301,182,99,65
400,142,76,61
300,121,70,61
225,249,193,189
224,240,174,178
152,238,155,165
223,187,107,120
3722,175,97,109
3721,158,79,92
221,134,64,71
948,250,210,189
754,255,190,164
3771,240,168,147
758,235,161,142
3778,212,124,114
356,171,93,88
3830,169,82,81
355,152,68,69
3777,139,65,67
3779,255,198,187
3859,182,112,107
3858,127,72,76
3857,111,66,68
20,240,220,200
21,210,160,140
22,180,100,80
3774,244,211,196
950,255,212,190
3064,187,127,114
407,183,129,123
3772,164,110,102
632,145,92,86
453,200,189,186
452,180,163,172
451,127,110,115
3861,160,130,130
3860,135,108,110
779,100,76,83
9,48,42,42
712,253,236,216
739,237,211,188
738,233,186,151
437,236,181,142
436,191,124,87
435,179,114,67
434,164,97,66
433,131,87,63
801,134,90,76
898,111,85,78
938,101,72,66
3371,72,60,62
543,239,208,195
3864,200,170,140
3863,148,120,85
3862,107,79,45
3031,35,30,26
3865,244,242,236
822,205,201,183
644,175,170,135
642,137,132,87
640,102,94,65
3787,90,75,48
3021,69,58,41
844,50,50,50
3033,230,230,200
3782,157,143,102
3032,133,117,75
3790,96,83,56
3781,59,49,32
5,151,149,148
6,131,126,123
7,123,116,106
8,86,79,70
3866,212,216,190
842,180,163,130
841,144,115,71
840,106,82,42
839,51,34,20
838,34,26,20
3072,215,242,188
647,204,212,142
3023,195,198,125
3022,172,180,110
3024,220,230,210
648,180,200,180
646,165,185,165
645,150,170,150
762,199,200,220
415,178,180,200
318,147,154,180
414,119,125,150
1,180,180,180
2,160,160,160
3,140,140,140
4,120,120,120
535,99,96,96
168,199,209,191
169,139,148,148
317,119,123,127
413,95,105,112
3799,72,78,82
310,0,0,0